id,name,cct_id,cct_code
employee_management_extended.hr_categorias_000001,Maestranza A,CONFEDERACION GENERAL EMPLEADOS DE COMERCIO DE LA REPUBLICA ARGENTINA c/ COMISION COORDINADORA PATRONAL DE ACTIVIDADES MERCANTILES Y OTRAS.,
employee_management_extended.hr_categorias_000002,Maestranza B,CONFEDERACION GENERAL EMPLEADOS DE COMERCIO DE LA REPUBLICA ARGENTINA c/ COMISION COORDINADORA PATRONAL DE ACTIVIDADES MERCANTILES Y OTRAS.,
employee_management_extended.hr_categorias_000003,Maestranza C,CONFEDERACION GENERAL EMPLEADOS DE COMERCIO DE LA REPUBLICA ARGENTINA c/ COMISION COORDINADORA PATRONAL DE ACTIVIDADES MERCANTILES Y OTRAS.,
employee_management_extended.hr_categorias_000004,Administrativo A,CONFEDERACION GENERAL EMPLEADOS DE COMERCIO DE LA REPUBLICA ARGENTINA c/ COMISION COORDINADORA PATRONAL DE ACTIVIDADES MERCANTILES Y OTRAS.,
employee_management_extended.hr_categorias_000005,Administrativo B,CONFEDERACION GENERAL EMPLEADOS DE COMERCIO DE LA REPUBLICA ARGENTINA c/ COMISION COORDINADORA PATRONAL DE ACTIVIDADES MERCANTILES Y OTRAS.,
employee_management_extended.hr_categorias_000006,Administrativo C,CONFEDERACION GENERAL EMPLEADOS DE COMERCIO DE LA REPUBLICA ARGENTINA c/ COMISION COORDINADORA PATRONAL DE ACTIVIDADES MERCANTILES Y OTRAS.,
employee_management_extended.hr_categorias_000007,Cajero A,CONFEDERACION GENERAL EMPLEADOS DE COMERCIO DE LA REPUBLICA ARGENTINA c/ COMISION COORDINADORA PATRONAL DE ACTIVIDADES MERCANTILES Y OTRAS.,
employee_management_extended.hr_categorias_000008,Cajero B,CONFEDERACION GENERAL EMPLEADOS DE COMERCIO DE LA REPUBLICA ARGENTINA c/ COMISION COORDINADORA PATRONAL DE ACTIVIDADES MERCANTILES Y OTRAS.,
employee_management_extended.hr_categorias_000009,Vendedor A,CONFEDERACION GENERAL EMPLEADOS DE COMERCIO DE LA REPUBLICA ARGENTINA c/ COMISION COORDINADORA PATRONAL DE ACTIVIDADES MERCANTILES Y OTRAS.,
employee_management_extended.hr_categorias_000010,Vendedor B,CONFEDERACION GENERAL EMPLEADOS DE COMERCIO DE LA REPUBLICA ARGENTINA c/ COMISION COORDINADORA PATRONAL DE ACTIVIDADES MERCANTILES Y OTRAS.,
employee_management_extended.hr_categorias_000011,Operario Calificado,UNION OBRERA METALURGICA DE LA REP.ARG.c/ FEDERACION ARGENTINA DE LA INDUSTRIA METALURGICA Y OTRAS.,
employee_management_extended.hr_categorias_000012,Medio Oficial,UNION OBRERA METALURGICA DE LA REP.ARG.c/ FEDERACION ARGENTINA DE LA INDUSTRIA METALURGICA Y OTRAS.,
employee_management_extended.hr_categorias_000013,Oficial,UNION OBRERA METALURGICA DE LA REP.ARG.c/ FEDERACION ARGENTINA DE LA INDUSTRIA METALURGICA Y OTRAS.,
employee_management_extended.hr_categorias_000014,Oficial Especializado,UNION OBRERA METALURGICA DE LA REP.ARG.c/ FEDERACION ARGENTINA DE LA INDUSTRIA METALURGICA Y OTRAS.,
employee_management_extended.hr_categorias_000015,Supervisor,UNION OBRERA METALURGICA DE LA REP.ARG.c/ FEDERACION ARGENTINA DE LA INDUSTRIA METALURGICA Y OTRAS.,
employee_management_extended.hr_categorias_000016,Técnico Múltiple,UNION OBRERA METALURGICA DE LA REP.ARG.c/ FEDERACION ARGENTINA DE LA INDUSTRIA METALURGICA Y OTRAS.,
employee_management_extended.hr_categorias_000017,Ayudante,UNION OBRERA METALURGICA DE LA REP.ARG.c/ FEDERACION ARGENTINA DE LA INDUSTRIA METALURGICA Y OTRAS.,
employee_management_extended.hr_categorias_000018,Medio Oficial,UNION OBRERA METALURGICA DE LA REP.ARG.c/ FEDERACION ARGENTINA DE LA INDUSTRIA METALURGICA Y OTRAS.,
employee_management_extended.hr_categorias_000019,Oficial,UNION OBRERA METALURGICA DE LA REP.ARG.c/ FEDERACION ARGENTINA DE LA INDUSTRIA METALURGICA Y OTRAS.,
employee_management_extended.hr_categorias_000020,Oficial Especializado,UNION OBRERA METALURGICA DE LA REP.ARG.c/ FEDERACION ARGENTINA DE LA INDUSTRIA METALURGICA Y OTRAS.,
employee_management_extended.hr_categorias_000021,Sereno,UNION OBRERA METALURGICA DE LA REP.ARG.c/ FEDERACION ARGENTINA DE LA INDUSTRIA METALURGICA Y OTRAS.,
employee_management_extended.hr_categorias_000022,Capataz,UNION OBRERA METALURGICA DE LA REP.ARG.c/ FEDERACION ARGENTINA DE LA INDUSTRIA METALURGICA Y OTRAS.,
employee_management_extended.hr_categorias_000023,Aprendiz,UNION TRABAJADORES HOTELEROS Y GASTRONOMICOS DE LA REPUBLICA ARGENTINA c/ FEDERACION EMPRESARIA HOTELERA Y GASTRONOMICA DE LA REPUBLICA ARGENTINA,
employee_management_extended.hr_categorias_000024,Cadete,UNION TRABAJADORES HOTELEROS Y GASTRONOMICOS DE LA REPUBLICA ARGENTINA c/ FEDERACION EMPRESARIA HOTELERA Y GASTRONOMICA DE LA REPUBLICA ARGENTINA,
employee_management_extended.hr_categorias_000025,Portería,UNION TRABAJADORES HOTELEROS Y GASTRONOMICOS DE LA REPUBLICA ARGENTINA c/ FEDERACION EMPRESARIA HOTELERA Y GASTRONOMICA DE LA REPUBLICA ARGENTINA,
employee_management_extended.hr_categorias_000026,Frutero,UNION TRABAJADORES HOTELEROS Y GASTRONOMICOS DE LA REPUBLICA ARGENTINA c/ FEDERACION EMPRESARIA HOTELERA Y GASTRONOMICA DE LA REPUBLICA ARGENTINA,
employee_management_extended.hr_categorias_000027,Portero,UNION TRABAJADORES HOTELEROS Y GASTRONOMICOS DE LA REPUBLICA ARGENTINA c/ FEDERACION EMPRESARIA HOTELERA Y GASTRONOMICA DE LA REPUBLICA ARGENTINA,
employee_management_extended.hr_categorias_000028,Peones,UNION TRABAJADORES HOTELEROS Y GASTRONOMICOS DE LA REPUBLICA ARGENTINA c/ FEDERACION EMPRESARIA HOTELERA Y GASTRONOMICA DE LA REPUBLICA ARGENTINA,
employee_management_extended.hr_categorias_000029,Peones Generales,UNION TRABAJADORES HOTELEROS Y GASTRONOMICOS DE LA REPUBLICA ARGENTINA c/ FEDERACION EMPRESARIA HOTELERA Y GASTRONOMICA DE LA REPUBLICA ARGENTINA,
employee_management_extended.hr_categorias_000030,Toilletero,UNION TRABAJADORES HOTELEROS Y GASTRONOMICOS DE LA REPUBLICA ARGENTINA c/ FEDERACION EMPRESARIA HOTELERA Y GASTRONOMICA DE LA REPUBLICA ARGENTINA,
employee_management_extended.hr_categorias_000031,Transporte,UNION TRABAJADORES HOTELEROS Y GASTRONOMICOS DE LA REPUBLICA ARGENTINA c/ FEDERACION EMPRESARIA HOTELERA Y GASTRONOMICA DE LA REPUBLICA ARGENTINA,
employee_management_extended.hr_categorias_000032,Comisionista,UNION TRABAJADORES HOTELEROS Y GASTRONOMICOS DE LA REPUBLICA ARGENTINA c/ FEDERACION EMPRESARIA HOTELERA Y GASTRONOMICA DE LA REPUBLICA ARGENTINA,
employee_management_extended.hr_categorias_000033,Lavacopas,UNION TRABAJADORES HOTELEROS Y GASTRONOMICOS DE LA REPUBLICA ARGENTINA c/ FEDERACION EMPRESARIA HOTELERA Y GASTRONOMICA DE LA REPUBLICA ARGENTINA,
employee_management_extended.hr_categorias_000034,Guardarropista,UNION TRABAJADORES HOTELEROS Y GASTRONOMICOS DE LA REPUBLICA ARGENTINA c/ FEDERACION EMPRESARIA HOTELERA Y GASTRONOMICA DE LA REPUBLICA ARGENTINA,
employee_management_extended.hr_categorias_000035,Ascensorista de Servicios,UNION TRABAJADORES HOTELEROS Y GASTRONOMICOS DE LA REPUBLICA ARGENTINA c/ FEDERACION EMPRESARIA HOTELERA Y GASTRONOMICA DE LA REPUBLICA ARGENTINA,
employee_management_extended.hr_categorias_000036,Groom,UNION TRABAJADORES HOTELEROS Y GASTRONOMICOS DE LA REPUBLICA ARGENTINA c/ FEDERACION EMPRESARIA HOTELERA Y GASTRONOMICA DE LA REPUBLICA ARGENTINA,
employee_management_extended.hr_categorias_000037,Montaplato de Cocina,UNION TRABAJADORES HOTELEROS Y GASTRONOMICOS DE LA REPUBLICA ARGENTINA c/ FEDERACION EMPRESARIA HOTELERA Y GASTRONOMICA DE LA REPUBLICA ARGENTINA,
employee_management_extended.hr_categorias_000038,Ascensorista,UNION TRABAJADORES HOTELEROS Y GASTRONOMICOS DE LA REPUBLICA ARGENTINA c/ FEDERACION EMPRESARIA HOTELERA Y GASTRONOMICA DE LA REPUBLICA ARGENTINA,
employee_management_extended.hr_categorias_000039,Cadete,UNION TRABAJADORES HOTELEROS Y GASTRONOMICOS DE LA REPUBLICA ARGENTINA c/ FEDERACION EMPRESARIA HOTELERA Y GASTRONOMICA DE LA REPUBLICA ARGENTINA,
employee_management_extended.hr_categorias_000040,Portería,UNION TRABAJADORES HOTELEROS Y GASTRONOMICOS DE LA REPUBLICA ARGENTINA c/ FEDERACION EMPRESARIA HOTELERA Y GASTRONOMICA DE LA REPUBLICA ARGENTINA,
employee_management_extended.hr_categorias_000041,Bagajista,UNION TRABAJADORES HOTELEROS Y GASTRONOMICOS DE LA REPUBLICA ARGENTINA c/ FEDERACION EMPRESARIA HOTELERA Y GASTRONOMICA DE LA REPUBLICA ARGENTINA,
employee_management_extended.hr_categorias_000042,Sereno Vigilador,UNION TRABAJADORES HOTELEROS Y GASTRONOMICOS DE LA REPUBLICA ARGENTINA c/ FEDERACION EMPRESARIA HOTELERA Y GASTRONOMICA DE LA REPUBLICA ARGENTINA,
employee_management_extended.hr_categorias_000043,Mensajero,UNION TRABAJADORES HOTELEROS Y GASTRONOMICOS DE LA REPUBLICA ARGENTINA c/ FEDERACION EMPRESARIA HOTELERA Y GASTRONOMICA DE LA REPUBLICA ARGENTINA,
employee_management_extended.hr_categorias_000044,Medio Oficial Auxiliar de Recepción,UNION TRABAJADORES HOTELEROS Y GASTRONOMICOS DE LA REPUBLICA ARGENTINA c/ FEDERACION EMPRESARIA HOTELERA Y GASTRONOMICA DE LA REPUBLICA ARGENTINA,
employee_management_extended.hr_categorias_000045,Foguista,UNION TRABAJADORES HOTELEROS Y GASTRONOMICOS DE LA REPUBLICA ARGENTINA c/ FEDERACION EMPRESARIA HOTELERA Y GASTRONOMICA DE LA REPUBLICA ARGENTINA,
employee_management_extended.hr_categorias_000046,Encerador de Pisos,UNION TRABAJADORES HOTELEROS Y GASTRONOMICOS DE LA REPUBLICA ARGENTINA c/ FEDERACION EMPRESARIA HOTELERA Y GASTRONOMICA DE LA REPUBLICA ARGENTINA,
employee_management_extended.hr_categorias_000047,Mozo Mostrador,UNION TRABAJADORES HOTELEROS Y GASTRONOMICOS DE LA REPUBLICA ARGENTINA c/ FEDERACION EMPRESARIA HOTELERA Y GASTRONOMICA DE LA REPUBLICA ARGENTINA,
employee_management_extended.hr_categorias_000048,Auxiliar Recibidor de Mercadería,UNION TRABAJADORES HOTELEROS Y GASTRONOMICOS DE LA REPUBLICA ARGENTINA c/ FEDERACION EMPRESARIA HOTELERA Y GASTRONOMICA DE LA REPUBLICA ARGENTINA,
employee_management_extended.hr_categorias_000049,Engrasador,UNION TRABAJADORES HOTELEROS Y GASTRONOMICOS DE LA REPUBLICA ARGENTINA c/ FEDERACION EMPRESARIA HOTELERA Y GASTRONOMICA DE LA REPUBLICA ARGENTINA,
employee_management_extended.hr_categorias_000050,Centrifugador,UNION TRABAJADORES HOTELEROS Y GASTRONOMICOS DE LA REPUBLICA ARGENTINA c/ FEDERACION EMPRESARIA HOTELERA Y GASTRONOMICA DE LA REPUBLICA ARGENTINA,
employee_management_extended.hr_categorias_000051,Estuferas,UNION TRABAJADORES HOTELEROS Y GASTRONOMICOS DE LA REPUBLICA ARGENTINA c/ FEDERACION EMPRESARIA HOTELERA Y GASTRONOMICA DE LA REPUBLICA ARGENTINA,
employee_management_extended.hr_categorias_000052,Jardinero,UNION TRABAJADORES HOTELEROS Y GASTRONOMICOS DE LA REPUBLICA ARGENTINA c/ FEDERACION EMPRESARIA HOTELERA Y GASTRONOMICA DE LA REPUBLICA ARGENTINA,
employee_management_extended.hr_categorias_000053,Cobrador,UNION TRABAJADORES HOTELEROS Y GASTRONOMICOS DE LA REPUBLICA ARGENTINA c/ FEDERACION EMPRESARIA HOTELERA Y GASTRONOMICA DE LA REPUBLICA ARGENTINA,
employee_management_extended.hr_categorias_000054,Empaquetador,UNION TRABAJADORES HOTELEROS Y GASTRONOMICOS DE LA REPUBLICA ARGENTINA c/ FEDERACION EMPRESARIA HOTELERA Y GASTRONOMICA DE LA REPUBLICA ARGENTINA,
employee_management_extended.hr_categorias_000055,Repartidor,UNION TRABAJADORES HOTELEROS Y GASTRONOMICOS DE LA REPUBLICA ARGENTINA c/ FEDERACION EMPRESARIA HOTELERA Y GASTRONOMICA DE LA REPUBLICA ARGENTINA,
employee_management_extended.hr_categorias_000056,Delivery,UNION TRABAJADORES HOTELEROS Y GASTRONOMICOS DE LA REPUBLICA ARGENTINA c/ FEDERACION EMPRESARIA HOTELERA Y GASTRONOMICA DE LA REPUBLICA ARGENTINA,
employee_management_extended.hr_categorias_000057,Auxiliar Administrativo,UNION TRABAJADORES HOTELEROS Y GASTRONOMICOS DE LA REPUBLICA ARGENTINA c/ FEDERACION EMPRESARIA HOTELERA Y GASTRONOMICA DE LA REPUBLICA ARGENTINA,
employee_management_extended.hr_categorias_000058,Ayudante de Panadero,UNION TRABAJADORES HOTELEROS Y GASTRONOMICOS DE LA REPUBLICA ARGENTINA c/ FEDERACION EMPRESARIA HOTELERA Y GASTRONOMICA DE LA REPUBLICA ARGENTINA,
employee_management_extended.hr_categorias_000059,Ayudante de Cocina,UNION TRABAJADORES HOTELEROS Y GASTRONOMICOS DE LA REPUBLICA ARGENTINA c/ FEDERACION EMPRESARIA HOTELERA Y GASTRONOMICA DE LA REPUBLICA ARGENTINA,
employee_management_extended.hr_categorias_000060,Ayudante de Barman,UNION TRABAJADORES HOTELEROS Y GASTRONOMICOS DE LA REPUBLICA ARGENTINA c/ FEDERACION EMPRESARIA HOTELERA Y GASTRONOMICA DE LA REPUBLICA ARGENTINA,
employee_management_extended.hr_categorias_000061,Ayudante de Fiambrero,UNION TRABAJADORES HOTELEROS Y GASTRONOMICOS DE LA REPUBLICA ARGENTINA c/ FEDERACION EMPRESARIA HOTELERA Y GASTRONOMICA DE LA REPUBLICA ARGENTINA,
employee_management_extended.hr_categorias_000062,Capataz de Peones,UNION TRABAJADORES HOTELEROS Y GASTRONOMICOS DE LA REPUBLICA ARGENTINA c/ FEDERACION EMPRESARIA HOTELERA Y GASTRONOMICA DE LA REPUBLICA ARGENTINA,
employee_management_extended.hr_categorias_000063,Gambucero,UNION TRABAJADORES HOTELEROS Y GASTRONOMICOS DE LA REPUBLICA ARGENTINA c/ FEDERACION EMPRESARIA HOTELERA Y GASTRONOMICA DE LA REPUBLICA ARGENTINA,
employee_management_extended.hr_categorias_000064,Cafetero,UNION TRABAJADORES HOTELEROS Y GASTRONOMICOS DE LA REPUBLICA ARGENTINA c/ FEDERACION EMPRESARIA HOTELERA Y GASTRONOMICA DE LA REPUBLICA ARGENTINA,
employee_management_extended.hr_categorias_000065,Comis,UNION TRABAJADORES HOTELEROS Y GASTRONOMICOS DE LA REPUBLICA ARGENTINA c/ FEDERACION EMPRESARIA HOTELERA Y GASTRONOMICA DE LA REPUBLICA ARGENTINA,
employee_management_extended.hr_categorias_000066,Comis de Vinos,UNION TRABAJADORES HOTELEROS Y GASTRONOMICOS DE LA REPUBLICA ARGENTINA c/ FEDERACION EMPRESARIA HOTELERA Y GASTRONOMICA DE LA REPUBLICA ARGENTINA,
employee_management_extended.hr_categorias_000067,Comis de Comedor de Niños,UNION TRABAJADORES HOTELEROS Y GASTRONOMICOS DE LA REPUBLICA ARGENTINA c/ FEDERACION EMPRESARIA HOTELERA Y GASTRONOMICA DE LA REPUBLICA ARGENTINA,
employee_management_extended.hr_categorias_000068,Empleado Administrativo,UNION TRABAJADORES HOTELEROS Y GASTRONOMICOS DE LA REPUBLICA ARGENTINA c/ FEDERACION EMPRESARIA HOTELERA Y GASTRONOMICA DE LA REPUBLICA ARGENTINA,
employee_management_extended.hr_categorias_000069,Recibidor de Mercadería,UNION TRABAJADORES HOTELEROS Y GASTRONOMICOS DE LA REPUBLICA ARGENTINA c/ FEDERACION EMPRESARIA HOTELERA Y GASTRONOMICA DE LA REPUBLICA ARGENTINA,
employee_management_extended.hr_categorias_000070,Planchadora,UNION TRABAJADORES HOTELEROS Y GASTRONOMICOS DE LA REPUBLICA ARGENTINA c/ FEDERACION EMPRESARIA HOTELERA Y GASTRONOMICA DE LA REPUBLICA ARGENTINA,
employee_management_extended.hr_categorias_000071,Lencera,UNION TRABAJADORES HOTELEROS Y GASTRONOMICOS DE LA REPUBLICA ARGENTINA c/ FEDERACION EMPRESARIA HOTELERA Y GASTRONOMICA DE LA REPUBLICA ARGENTINA,
employee_management_extended.hr_categorias_000072,Lavandera,UNION TRABAJADORES HOTELEROS Y GASTRONOMICOS DE LA REPUBLICA ARGENTINA c/ FEDERACION EMPRESARIA HOTELERA Y GASTRONOMICA DE LA REPUBLICA ARGENTINA,
employee_management_extended.hr_categorias_000073,Capataz de Peones Generales,UNION TRABAJADORES HOTELEROS Y GASTRONOMICOS DE LA REPUBLICA ARGENTINA c/ FEDERACION EMPRESARIA HOTELERA Y GASTRONOMICA DE LA REPUBLICA ARGENTINA,
employee_management_extended.hr_categorias_000074,Mozo de Personal,UNION TRABAJADORES HOTELEROS Y GASTRONOMICOS DE LA REPUBLICA ARGENTINA c/ FEDERACION EMPRESARIA HOTELERA Y GASTRONOMICA DE LA REPUBLICA ARGENTINA,
employee_management_extended.hr_categorias_000075,Mozo de Mostrador de Atención al Cliente,UNION TRABAJADORES HOTELEROS Y GASTRONOMICOS DE LA REPUBLICA ARGENTINA c/ FEDERACION EMPRESARIA HOTELERA Y GASTRONOMICA DE LA REPUBLICA ARGENTINA,
employee_management_extended.hr_categorias_000076,Medio Oficial,UNION TRABAJADORES HOTELEROS Y GASTRONOMICOS DE LA REPUBLICA ARGENTINA c/ FEDERACION EMPRESARIA HOTELERA Y GASTRONOMICA DE LA REPUBLICA ARGENTINA,
employee_management_extended.hr_categorias_000077,Panadero,UNION TRABAJADORES HOTELEROS Y GASTRONOMICOS DE LA REPUBLICA ARGENTINA c/ FEDERACION EMPRESARIA HOTELERA Y GASTRONOMICA DE LA REPUBLICA ARGENTINA,
employee_management_extended.hr_categorias_000078,Mucamas,UNION TRABAJADORES HOTELEROS Y GASTRONOMICOS DE LA REPUBLICA ARGENTINA c/ FEDERACION EMPRESARIA HOTELERA Y GASTRONOMICA DE LA REPUBLICA ARGENTINA,
employee_management_extended.hr_categorias_000079,Valet Portero,UNION TRABAJADORES HOTELEROS Y GASTRONOMICOS DE LA REPUBLICA ARGENTINA c/ FEDERACION EMPRESARIA HOTELERA Y GASTRONOMICA DE LA REPUBLICA ARGENTINA,
employee_management_extended.hr_categorias_000080,Telefonista,UNION TRABAJADORES HOTELEROS Y GASTRONOMICOS DE LA REPUBLICA ARGENTINA c/ FEDERACION EMPRESARIA HOTELERA Y GASTRONOMICA DE LA REPUBLICA ARGENTINA,
employee_management_extended.hr_categorias_000081,Encargado de Depósito e Inventario,UNION TRABAJADORES HOTELEROS Y GASTRONOMICOS DE LA REPUBLICA ARGENTINA c/ FEDERACION EMPRESARIA HOTELERA Y GASTRONOMICA DE LA REPUBLICA ARGENTINA,
employee_management_extended.hr_categorias_000082,Oficial de Oficios Varios,UNION TRABAJADORES HOTELEROS Y GASTRONOMICOS DE LA REPUBLICA ARGENTINA c/ FEDERACION EMPRESARIA HOTELERA Y GASTRONOMICA DE LA REPUBLICA ARGENTINA,
employee_management_extended.hr_categorias_000083,Chofer y/o Garajista,UNION TRABAJADORES HOTELEROS Y GASTRONOMICOS DE LA REPUBLICA ARGENTINA c/ FEDERACION EMPRESARIA HOTELERA Y GASTRONOMICA DE LA REPUBLICA ARGENTINA,
employee_management_extended.hr_categorias_000084,Bodeguero,UNION TRABAJADORES HOTELEROS Y GASTRONOMICOS DE LA REPUBLICA ARGENTINA c/ FEDERACION EMPRESARIA HOTELERA Y GASTRONOMICA DE LA REPUBLICA ARGENTINA,
employee_management_extended.hr_categorias_000085,Capataz de Comedor de Administración,UNION TRABAJADORES HOTELEROS Y GASTRONOMICOS DE LA REPUBLICA ARGENTINA c/ FEDERACION EMPRESARIA HOTELERA Y GASTRONOMICA DE LA REPUBLICA ARGENTINA,
employee_management_extended.hr_categorias_000086,Cocktelero,UNION TRABAJADORES HOTELEROS Y GASTRONOMICOS DE LA REPUBLICA ARGENTINA c/ FEDERACION EMPRESARIA HOTELERA Y GASTRONOMICA DE LA REPUBLICA ARGENTINA,
employee_management_extended.hr_categorias_000087,Planchadora a Mano,UNION TRABAJADORES HOTELEROS Y GASTRONOMICOS DE LA REPUBLICA ARGENTINA c/ FEDERACION EMPRESARIA HOTELERA Y GASTRONOMICA DE LA REPUBLICA ARGENTINA,
employee_management_extended.hr_categorias_000088,Sandwichero,UNION TRABAJADORES HOTELEROS Y GASTRONOMICOS DE LA REPUBLICA ARGENTINA c/ FEDERACION EMPRESARIA HOTELERA Y GASTRONOMICA DE LA REPUBLICA ARGENTINA,
employee_management_extended.hr_categorias_000089,Minutero,UNION TRABAJADORES HOTELEROS Y GASTRONOMICOS DE LA REPUBLICA ARGENTINA c/ FEDERACION EMPRESARIA HOTELERA Y GASTRONOMICA DE LA REPUBLICA ARGENTINA,
employee_management_extended.hr_categorias_000090,Comis de Cocina,UNION TRABAJADORES HOTELEROS Y GASTRONOMICOS DE LA REPUBLICA ARGENTINA c/ FEDERACION EMPRESARIA HOTELERA Y GASTRONOMICA DE LA REPUBLICA ARGENTINA,
employee_management_extended.hr_categorias_000091,Oficial Panadero,UNION TRABAJADORES HOTELEROS Y GASTRONOMICOS DE LA REPUBLICA ARGENTINA c/ FEDERACION EMPRESARIA HOTELERA Y GASTRONOMICA DE LA REPUBLICA ARGENTINA,
employee_management_extended.hr_categorias_000092,Jefe de Telefonistas,UNION TRABAJADORES HOTELEROS Y GASTRONOMICOS DE LA REPUBLICA ARGENTINA c/ FEDERACION EMPRESARIA HOTELERA Y GASTRONOMICA DE LA REPUBLICA ARGENTINA,
employee_management_extended.hr_categorias_000093,Cuenta Corrientista,UNION TRABAJADORES HOTELEROS Y GASTRONOMICOS DE LA REPUBLICA ARGENTINA c/ FEDERACION EMPRESARIA HOTELERA Y GASTRONOMICA DE LA REPUBLICA ARGENTINA,
employee_management_extended.hr_categorias_000094,Cajero de Comedor,UNION TRABAJADORES HOTELEROS Y GASTRONOMICOS DE LA REPUBLICA ARGENTINA c/ FEDERACION EMPRESARIA HOTELERA Y GASTRONOMICA DE LA REPUBLICA ARGENTINA,
employee_management_extended.hr_categorias_000095,Ayudante de Contador,UNION TRABAJADORES HOTELEROS Y GASTRONOMICOS DE LA REPUBLICA ARGENTINA c/ FEDERACION EMPRESARIA HOTELERA Y GASTRONOMICA DE LA REPUBLICA ARGENTINA,
employee_management_extended.hr_categorias_000096,Adicionista de Comedor,UNION TRABAJADORES HOTELEROS Y GASTRONOMICOS DE LA REPUBLICA ARGENTINA c/ FEDERACION EMPRESARIA HOTELERA Y GASTRONOMICA DE LA REPUBLICA ARGENTINA,
employee_management_extended.hr_categorias_000097,Capataz,UNION TRABAJADORES HOTELEROS Y GASTRONOMICOS DE LA REPUBLICA ARGENTINA c/ FEDERACION EMPRESARIA HOTELERA Y GASTRONOMICA DE LA REPUBLICA ARGENTINA,
employee_management_extended.hr_categorias_000098,Encargado de Sección,UNION TRABAJADORES HOTELEROS Y GASTRONOMICOS DE LA REPUBLICA ARGENTINA c/ FEDERACION EMPRESARIA HOTELERA Y GASTRONOMICA DE LA REPUBLICA ARGENTINA,
employee_management_extended.hr_categorias_000099,Fichero,UNION TRABAJADORES HOTELEROS Y GASTRONOMICOS DE LA REPUBLICA ARGENTINA c/ FEDERACION EMPRESARIA HOTELERA Y GASTRONOMICA DE LA REPUBLICA ARGENTINA,
employee_management_extended.hr_categorias_000100,Guardavida,UNION TRABAJADORES HOTELEROS Y GASTRONOMICOS DE LA REPUBLICA ARGENTINA c/ FEDERACION EMPRESARIA HOTELERA Y GASTRONOMICA DE LA REPUBLICA ARGENTINA,
employee_management_extended.hr_categorias_000101,Empleado Principal Administrativo,UNION TRABAJADORES HOTELEROS Y GASTRONOMICOS DE LA REPUBLICA ARGENTINA c/ FEDERACION EMPRESARIA HOTELERA Y GASTRONOMICA DE LA REPUBLICA ARGENTINA,
employee_management_extended.hr_categorias_000102,Comis de Suite,UNION TRABAJADORES HOTELEROS Y GASTRONOMICOS DE LA REPUBLICA ARGENTINA c/ FEDERACION EMPRESARIA HOTELERA Y GASTRONOMICA DE LA REPUBLICA ARGENTINA,
employee_management_extended.hr_categorias_000103,Fiambre Despacho,UNION TRABAJADORES HOTELEROS Y GASTRONOMICOS DE LA REPUBLICA ARGENTINA c/ FEDERACION EMPRESARIA HOTELERA Y GASTRONOMICA DE LA REPUBLICA ARGENTINA,
employee_management_extended.hr_categorias_000104,Cajero Adicionista,UNION TRABAJADORES HOTELEROS Y GASTRONOMICOS DE LA REPUBLICA ARGENTINA c/ FEDERACION EMPRESARIA HOTELERA Y GASTRONOMICA DE LA REPUBLICA ARGENTINA,
employee_management_extended.hr_categorias_000105,Portero,UNION TRABAJADORES HOTELEROS Y GASTRONOMICOS DE LA REPUBLICA ARGENTINA c/ FEDERACION EMPRESARIA HOTELERA Y GASTRONOMICA DE LA REPUBLICA ARGENTINA,
employee_management_extended.hr_categorias_000106,Fiambrero o Sandwichero Principal,UNION TRABAJADORES HOTELEROS Y GASTRONOMICOS DE LA REPUBLICA ARGENTINA c/ FEDERACION EMPRESARIA HOTELERA Y GASTRONOMICA DE LA REPUBLICA ARGENTINA,
employee_management_extended.hr_categorias_000107,Cajero y/o Fichero,UNION TRABAJADORES HOTELEROS Y GASTRONOMICOS DE LA REPUBLICA ARGENTINA c/ FEDERACION EMPRESARIA HOTELERA Y GASTRONOMICA DE LA REPUBLICA ARGENTINA,
employee_management_extended.hr_categorias_000108,Adicionista,UNION TRABAJADORES HOTELEROS Y GASTRONOMICOS DE LA REPUBLICA ARGENTINA c/ FEDERACION EMPRESARIA HOTELERA Y GASTRONOMICA DE LA REPUBLICA ARGENTINA,
employee_management_extended.hr_categorias_000109,"Empleado Principal Técnico Especialista (Disc Jockey, Iluminación, Sonido)",UNION TRABAJADORES HOTELEROS Y GASTRONOMICOS DE LA REPUBLICA ARGENTINA c/ FEDERACION EMPRESARIA HOTELERA Y GASTRONOMICA DE LA REPUBLICA ARGENTINA,
employee_management_extended.hr_categorias_000110,Jefe de Partida,UNION TRABAJADORES HOTELEROS Y GASTRONOMICOS DE LA REPUBLICA ARGENTINA c/ FEDERACION EMPRESARIA HOTELERA Y GASTRONOMICA DE LA REPUBLICA ARGENTINA,
employee_management_extended.hr_categorias_000111,Cocinero,UNION TRABAJADORES HOTELEROS Y GASTRONOMICOS DE LA REPUBLICA ARGENTINA c/ FEDERACION EMPRESARIA HOTELERA Y GASTRONOMICA DE LA REPUBLICA ARGENTINA,
employee_management_extended.hr_categorias_000112,Mozo de Salón y de Vinos,UNION TRABAJADORES HOTELEROS Y GASTRONOMICOS DE LA REPUBLICA ARGENTINA c/ FEDERACION EMPRESARIA HOTELERA Y GASTRONOMICA DE LA REPUBLICA ARGENTINA,
employee_management_extended.hr_categorias_000113,Camareras/os,UNION TRABAJADORES HOTELEROS Y GASTRONOMICOS DE LA REPUBLICA ARGENTINA c/ FEDERACION EMPRESARIA HOTELERA Y GASTRONOMICA DE LA REPUBLICA ARGENTINA,
employee_management_extended.hr_categorias_000114,Gobernanta,UNION TRABAJADORES HOTELEROS Y GASTRONOMICOS DE LA REPUBLICA ARGENTINA c/ FEDERACION EMPRESARIA HOTELERA Y GASTRONOMICA DE LA REPUBLICA ARGENTINA,
employee_management_extended.hr_categorias_000115,Conserje Principal,UNION TRABAJADORES HOTELEROS Y GASTRONOMICOS DE LA REPUBLICA ARGENTINA c/ FEDERACION EMPRESARIA HOTELERA Y GASTRONOMICA DE LA REPUBLICA ARGENTINA,
employee_management_extended.hr_categorias_000116,Empleado Principal Administrativo,UNION TRABAJADORES HOTELEROS Y GASTRONOMICOS DE LA REPUBLICA ARGENTINA c/ FEDERACION EMPRESARIA HOTELERA Y GASTRONOMICA DE LA REPUBLICA ARGENTINA,
employee_management_extended.hr_categorias_000117,Recepcionista,UNION TRABAJADORES HOTELEROS Y GASTRONOMICOS DE LA REPUBLICA ARGENTINA c/ FEDERACION EMPRESARIA HOTELERA Y GASTRONOMICA DE LA REPUBLICA ARGENTINA,
employee_management_extended.hr_categorias_000118,Barman,UNION TRABAJADORES HOTELEROS Y GASTRONOMICOS DE LA REPUBLICA ARGENTINA c/ FEDERACION EMPRESARIA HOTELERA Y GASTRONOMICA DE LA REPUBLICA ARGENTINA,
employee_management_extended.hr_categorias_000119,Mozo de Piso,UNION TRABAJADORES HOTELEROS Y GASTRONOMICOS DE LA REPUBLICA ARGENTINA c/ FEDERACION EMPRESARIA HOTELERA Y GASTRONOMICA DE LA REPUBLICA ARGENTINA,
employee_management_extended.hr_categorias_000120,Maitre de Niños,UNION TRABAJADORES HOTELEROS Y GASTRONOMICOS DE LA REPUBLICA ARGENTINA c/ FEDERACION EMPRESARIA HOTELERA Y GASTRONOMICA DE LA REPUBLICA ARGENTINA,
employee_management_extended.hr_categorias_000121,Postrero,UNION TRABAJADORES HOTELEROS Y GASTRONOMICOS DE LA REPUBLICA ARGENTINA c/ FEDERACION EMPRESARIA HOTELERA Y GASTRONOMICA DE LA REPUBLICA ARGENTINA,
employee_management_extended.hr_categorias_000122,Chef de Fila,UNION TRABAJADORES HOTELEROS Y GASTRONOMICOS DE LA REPUBLICA ARGENTINA c/ FEDERACION EMPRESARIA HOTELERA Y GASTRONOMICA DE LA REPUBLICA ARGENTINA,
employee_management_extended.hr_categorias_000123,Jefe de Compras y Ventas,UNION TRABAJADORES HOTELEROS Y GASTRONOMICOS DE LA REPUBLICA ARGENTINA c/ FEDERACION EMPRESARIA HOTELERA Y GASTRONOMICA DE LA REPUBLICA ARGENTINA,
employee_management_extended.hr_categorias_000124,Rotisero,UNION TRABAJADORES HOTELEROS Y GASTRONOMICOS DE LA REPUBLICA ARGENTINA c/ FEDERACION EMPRESARIA HOTELERA Y GASTRONOMICA DE LA REPUBLICA ARGENTINA,
employee_management_extended.hr_categorias_000125,Maestro de Pala Pizzero,UNION TRABAJADORES HOTELEROS Y GASTRONOMICOS DE LA REPUBLICA ARGENTINA c/ FEDERACION EMPRESARIA HOTELERA Y GASTRONOMICA DE LA REPUBLICA ARGENTINA,
employee_management_extended.hr_categorias_000126,Maestro Facturero,UNION TRABAJADORES HOTELEROS Y GASTRONOMICOS DE LA REPUBLICA ARGENTINA c/ FEDERACION EMPRESARIA HOTELERA Y GASTRONOMICA DE LA REPUBLICA ARGENTINA,
employee_management_extended.hr_categorias_000127,Maestro Pastelero,UNION TRABAJADORES HOTELEROS Y GASTRONOMICOS DE LA REPUBLICA ARGENTINA c/ FEDERACION EMPRESARIA HOTELERA Y GASTRONOMICA DE LA REPUBLICA ARGENTINA,
employee_management_extended.hr_categorias_000128,Masajista,UNION TRABAJADORES HOTELEROS Y GASTRONOMICOS DE LA REPUBLICA ARGENTINA c/ FEDERACION EMPRESARIA HOTELERA Y GASTRONOMICA DE LA REPUBLICA ARGENTINA,
employee_management_extended.hr_categorias_000129,Capataz o Encargado,UNION TRABAJADORES HOTELEROS Y GASTRONOMICOS DE LA REPUBLICA ARGENTINA c/ FEDERACION EMPRESARIA HOTELERA Y GASTRONOMICA DE LA REPUBLICA ARGENTINA,
employee_management_extended.hr_categorias_000130,Parrillero,UNION TRABAJADORES HOTELEROS Y GASTRONOMICOS DE LA REPUBLICA ARGENTINA c/ FEDERACION EMPRESARIA HOTELERA Y GASTRONOMICA DE LA REPUBLICA ARGENTINA,
employee_management_extended.hr_categorias_000131,Capataz de Sala,UNION TRABAJADORES HOTELEROS Y GASTRONOMICOS DE LA REPUBLICA ARGENTINA c/ FEDERACION EMPRESARIA HOTELERA Y GASTRONOMICA DE LA REPUBLICA ARGENTINA,
employee_management_extended.hr_categorias_000132,Mozos de Comedor de Niños,UNION TRABAJADORES HOTELEROS Y GASTRONOMICOS DE LA REPUBLICA ARGENTINA c/ FEDERACION EMPRESARIA HOTELERA Y GASTRONOMICA DE LA REPUBLICA ARGENTINA,
employee_management_extended.hr_categorias_000133,Jefe de Brigada,UNION TRABAJADORES HOTELEROS Y GASTRONOMICOS DE LA REPUBLICA ARGENTINA c/ FEDERACION EMPRESARIA HOTELERA Y GASTRONOMICA DE LA REPUBLICA ARGENTINA,
employee_management_extended.hr_categorias_000134,Gobernanta Principal,UNION TRABAJADORES HOTELEROS Y GASTRONOMICOS DE LA REPUBLICA ARGENTINA c/ FEDERACION EMPRESARIA HOTELERA Y GASTRONOMICA DE LA REPUBLICA ARGENTINA,
employee_management_extended.hr_categorias_000135,Maitre Principal,UNION TRABAJADORES HOTELEROS Y GASTRONOMICOS DE LA REPUBLICA ARGENTINA c/ FEDERACION EMPRESARIA HOTELERA Y GASTRONOMICA DE LA REPUBLICA ARGENTINA,
employee_management_extended.hr_categorias_000136,Jefe de Conserjería,UNION TRABAJADORES HOTELEROS Y GASTRONOMICOS DE LA REPUBLICA ARGENTINA c/ FEDERACION EMPRESARIA HOTELERA Y GASTRONOMICA DE LA REPUBLICA ARGENTINA,
employee_management_extended.hr_categorias_000137,Conserje Principal,UNION TRABAJADORES HOTELEROS Y GASTRONOMICOS DE LA REPUBLICA ARGENTINA c/ FEDERACION EMPRESARIA HOTELERA Y GASTRONOMICA DE LA REPUBLICA ARGENTINA,
employee_management_extended.hr_categorias_000138,Jefe de Recepción,UNION TRABAJADORES HOTELEROS Y GASTRONOMICOS DE LA REPUBLICA ARGENTINA c/ FEDERACION EMPRESARIA HOTELERA Y GASTRONOMICA DE LA REPUBLICA ARGENTINA,
employee_management_extended.hr_categorias_000139,Jefe Técnico Especial de Oficio,UNION TRABAJADORES HOTELEROS Y GASTRONOMICOS DE LA REPUBLICA ARGENTINA c/ FEDERACION EMPRESARIA HOTELERA Y GASTRONOMICA DE LA REPUBLICA ARGENTINA,
employee_management_extended.hr_categorias_000140,"Categoría,Descripción",FEDERACION NACIONAL DE TRABAJADORES CAMIONEROS Y OBREROS DEL TRANSPORTE AUTOMOTOR DE CARGA c/ CONFEDERACION ARGENTINA DELTRANSPORTE AUTOMOTOR DE CARGA.,
employee_management_extended.hr_categorias_000141,"Conductor de Larga Distancia,Conduce vehículos en trayectos que exceden los 100 km.",FEDERACION NACIONAL DE TRABAJADORES CAMIONEROS Y OBREROS DEL TRANSPORTE AUTOMOTOR DE CARGA c/ CONFEDERACION ARGENTINA DELTRANSPORTE AUTOMOTOR DE CARGA.,
employee_management_extended.hr_categorias_000142,"Conductor de Recolección de Materia Prima Láctea,Recolección y transporte de leche desde tambos a plantas procesadoras.",FEDERACION NACIONAL DE TRABAJADORES CAMIONEROS Y OBREROS DEL TRANSPORTE AUTOMOTOR DE CARGA c/ CONFEDERACION ARGENTINA DELTRANSPORTE AUTOMOTOR DE CARGA.,
employee_management_extended.hr_categorias_000143,"Conductor de Camiones y/o Camionetas de Auxilio,Opera vehículos destinados al auxilio y asistencia en ruta.",FEDERACION NACIONAL DE TRABAJADORES CAMIONEROS Y OBREROS DEL TRANSPORTE AUTOMOTOR DE CARGA c/ CONFEDERACION ARGENTINA DELTRANSPORTE AUTOMOTOR DE CARGA.,
employee_management_extended.hr_categorias_000144,"Conductor de Grúas Móviles, Autogrúas o Grúas Montadas sobre Chasis de Camión,Maneja equipos especializados en carga y descarga de mercancías pesadas.",FEDERACION NACIONAL DE TRABAJADORES CAMIONEROS Y OBREROS DEL TRANSPORTE AUTOMOTOR DE CARGA c/ CONFEDERACION ARGENTINA DELTRANSPORTE AUTOMOTOR DE CARGA.,
employee_management_extended.hr_categorias_000145,"Encargado,Supervisa y coordina las actividades del personal operativo.",FEDERACION NACIONAL DE TRABAJADORES CAMIONEROS Y OBREROS DEL TRANSPORTE AUTOMOTOR DE CARGA c/ CONFEDERACION ARGENTINA DELTRANSPORTE AUTOMOTOR DE CARGA.,
employee_management_extended.hr_categorias_000146,"Recibidor y/o Clasificador de Guías,Recepción y clasificación de documentos de carga.",FEDERACION NACIONAL DE TRABAJADORES CAMIONEROS Y OBREROS DEL TRANSPORTE AUTOMOTOR DE CARGA c/ CONFEDERACION ARGENTINA DELTRANSPORTE AUTOMOTOR DE CARGA.,
employee_management_extended.hr_categorias_000147,"Embalador,""Realiza tareas de embalaje, carga, descarga y reparto de mercancías.""",FEDERACION NACIONAL DE TRABAJADORES CAMIONEROS Y OBREROS DEL TRANSPORTE AUTOMOTOR DE CARGA c/ CONFEDERACION ARGENTINA DELTRANSPORTE AUTOMOTOR DE CARGA.,
employee_management_extended.hr_categorias_000148,"Peón Especializado,Tareas especializadas en operaciones de carga y descarga.",FEDERACION NACIONAL DE TRABAJADORES CAMIONEROS Y OBREROS DEL TRANSPORTE AUTOMOTOR DE CARGA c/ CONFEDERACION ARGENTINA DELTRANSPORTE AUTOMOTOR DE CARGA.,
employee_management_extended.hr_categorias_000149,"Peón de Mudanza y/o Reparto,Tareas generales de mudanza y reparto.",FEDERACION NACIONAL DE TRABAJADORES CAMIONEROS Y OBREROS DEL TRANSPORTE AUTOMOTOR DE CARGA c/ CONFEDERACION ARGENTINA DELTRANSPORTE AUTOMOTOR DE CARGA.,
employee_management_extended.hr_categorias_000150,"Peón,Efectúa tareas generales de apoyo en operaciones de carga y descarga.",FEDERACION NACIONAL DE TRABAJADORES CAMIONEROS Y OBREROS DEL TRANSPORTE AUTOMOTOR DE CARGA c/ CONFEDERACION ARGENTINA DELTRANSPORTE AUTOMOTOR DE CARGA.,
employee_management_extended.hr_categorias_000151,"Oficial de Primera,Técnico especializado con amplia experiencia en mantenimiento y reparación.",FEDERACION NACIONAL DE TRABAJADORES CAMIONEROS Y OBREROS DEL TRANSPORTE AUTOMOTOR DE CARGA c/ CONFEDERACION ARGENTINA DELTRANSPORTE AUTOMOTOR DE CARGA.,
employee_management_extended.hr_categorias_000152,"Oficial de Segunda,Técnico con experiencia intermedia en mantenimiento y reparación.",FEDERACION NACIONAL DE TRABAJADORES CAMIONEROS Y OBREROS DEL TRANSPORTE AUTOMOTOR DE CARGA c/ CONFEDERACION ARGENTINA DELTRANSPORTE AUTOMOTOR DE CARGA.,
employee_management_extended.hr_categorias_000153,"Medio Oficial,Asistente en tareas de mantenimiento bajo supervisión.",FEDERACION NACIONAL DE TRABAJADORES CAMIONEROS Y OBREROS DEL TRANSPORTE AUTOMOTOR DE CARGA c/ CONFEDERACION ARGENTINA DELTRANSPORTE AUTOMOTOR DE CARGA.,
employee_management_extended.hr_categorias_000154,"Ayudante,Colabora en tareas básicas de mantenimiento y reparación.",FEDERACION NACIONAL DE TRABAJADORES CAMIONEROS Y OBREROS DEL TRANSPORTE AUTOMOTOR DE CARGA c/ CONFEDERACION ARGENTINA DELTRANSPORTE AUTOMOTOR DE CARGA.,
employee_management_extended.hr_categorias_000155,"Administrativo de Primera,Realiza funciones administrativas complejas y de responsabilidad.",FEDERACION NACIONAL DE TRABAJADORES CAMIONEROS Y OBREROS DEL TRANSPORTE AUTOMOTOR DE CARGA c/ CONFEDERACION ARGENTINA DELTRANSPORTE AUTOMOTOR DE CARGA.,
employee_management_extended.hr_categorias_000156,"Administrativo de Segunda,Tareas administrativas de mediana complejidad.",FEDERACION NACIONAL DE TRABAJADORES CAMIONEROS Y OBREROS DEL TRANSPORTE AUTOMOTOR DE CARGA c/ CONFEDERACION ARGENTINA DELTRANSPORTE AUTOMOTOR DE CARGA.,
employee_management_extended.hr_categorias_000157,"Administrativo de Tercera,Encargado de funciones administrativas básicas.",FEDERACION NACIONAL DE TRABAJADORES CAMIONEROS Y OBREROS DEL TRANSPORTE AUTOMOTOR DE CARGA c/ CONFEDERACION ARGENTINA DELTRANSPORTE AUTOMOTOR DE CARGA.,
employee_management_extended.hr_categorias_000158,"Cobrador y Pagador de Facturas,Gestiona la cobranza y pago de facturas y documentos comerciales.",FEDERACION NACIONAL DE TRABAJADORES CAMIONEROS Y OBREROS DEL TRANSPORTE AUTOMOTOR DE CARGA c/ CONFEDERACION ARGENTINA DELTRANSPORTE AUTOMOTOR DE CARGA.,
employee_management_extended.hr_categorias_000159,"Sereno Vigilador,Vigilancia y seguridad de las instalaciones.",FEDERACION NACIONAL DE TRABAJADORES CAMIONEROS Y OBREROS DEL TRANSPORTE AUTOMOTOR DE CARGA c/ CONFEDERACION ARGENTINA DELTRANSPORTE AUTOMOTOR DE CARGA.,
employee_management_extended.hr_categorias_000160,"Mensajero,Realiza entregas y trámites diversos.",FEDERACION NACIONAL DE TRABAJADORES CAMIONEROS Y OBREROS DEL TRANSPORTE AUTOMOTOR DE CARGA c/ CONFEDERACION ARGENTINA DELTRANSPORTE AUTOMOTOR DE CARGA.,
employee_management_extended.hr_categorias_000161,"Jardinero,Mantenimiento de áreas verdes y jardines.",FEDERACION NACIONAL DE TRABAJADORES CAMIONEROS Y OBREROS DEL TRANSPORTE AUTOMOTOR DE CARGA c/ CONFEDERACION ARGENTINA DELTRANSPORTE AUTOMOTOR DE CARGA.,
employee_management_extended.hr_categorias_000162,"Albañil,Realiza trabajos de albañilería en la construcción de edificaciones.","UNION OBRERA DE LA CONSTRUCION DE LA REP.ARGENTINA c/ CAMARA ARGENTINA DE LA CONSTRUCCION, FEDERACION ARGENTINA DE ENTIDADES DE LA CONSTRUCCION Y CENTRO DE ARQUITECTOS Y CONSTRUCTORES",
employee_management_extended.hr_categorias_000163,"Carpintero de Encofrados,Especializado en la construcción de estructuras de madera para encofrados.","UNION OBRERA DE LA CONSTRUCION DE LA REP.ARGENTINA c/ CAMARA ARGENTINA DE LA CONSTRUCCION, FEDERACION ARGENTINA DE ENTIDADES DE LA CONSTRUCCION Y CENTRO DE ARQUITECTOS Y CONSTRUCTORES",
employee_management_extended.hr_categorias_000164,"Armador de Hierro,""Responsable de cortar, doblar y montar hierro en estructuras de concreto.""","UNION OBRERA DE LA CONSTRUCION DE LA REP.ARGENTINA c/ CAMARA ARGENTINA DE LA CONSTRUCCION, FEDERACION ARGENTINA DE ENTIDADES DE LA CONSTRUCCION Y CENTRO DE ARQUITECTOS Y CONSTRUCTORES",
employee_management_extended.hr_categorias_000165,"Pintor,Aplica pintura en interiores y exteriores de edificaciones.","UNION OBRERA DE LA CONSTRUCION DE LA REP.ARGENTINA c/ CAMARA ARGENTINA DE LA CONSTRUCCION, FEDERACION ARGENTINA DE ENTIDADES DE LA CONSTRUCCION Y CENTRO DE ARQUITECTOS Y CONSTRUCTORES",
employee_management_extended.hr_categorias_000166,"Limpiador de Frentes,Encargado de la limpieza y restauración de frentes de edificios.","UNION OBRERA DE LA CONSTRUCION DE LA REP.ARGENTINA c/ CAMARA ARGENTINA DE LA CONSTRUCCION, FEDERACION ARGENTINA DE ENTIDADES DE LA CONSTRUCCION Y CENTRO DE ARQUITECTOS Y CONSTRUCTORES",
employee_management_extended.hr_categorias_000167,"Yesero,Realiza trabajos de yesería para acabados interiores.","UNION OBRERA DE LA CONSTRUCION DE LA REP.ARGENTINA c/ CAMARA ARGENTINA DE LA CONSTRUCCION, FEDERACION ARGENTINA DE ENTIDADES DE LA CONSTRUCCION Y CENTRO DE ARQUITECTOS Y CONSTRUCTORES",
employee_management_extended.hr_categorias_000168,"Electricista de Obras,Instala y repara sistemas eléctricos en obras de construcción.","UNION OBRERA DE LA CONSTRUCION DE LA REP.ARGENTINA c/ CAMARA ARGENTINA DE LA CONSTRUCCION, FEDERACION ARGENTINA DE ENTIDADES DE LA CONSTRUCCION Y CENTRO DE ARQUITECTOS Y CONSTRUCTORES",
employee_management_extended.hr_categorias_000169,"Plomero,Especializado en la instalación y mantenimiento de sistemas de plomería.","UNION OBRERA DE LA CONSTRUCION DE LA REP.ARGENTINA c/ CAMARA ARGENTINA DE LA CONSTRUCCION, FEDERACION ARGENTINA DE ENTIDADES DE LA CONSTRUCCION Y CENTRO DE ARQUITECTOS Y CONSTRUCTORES",
employee_management_extended.hr_categorias_000170,"Cloaquista,Realiza trabajos específicos en sistemas de cloacas.","UNION OBRERA DE LA CONSTRUCION DE LA REP.ARGENTINA c/ CAMARA ARGENTINA DE LA CONSTRUCCION, FEDERACION ARGENTINA DE ENTIDADES DE LA CONSTRUCCION Y CENTRO DE ARQUITECTOS Y CONSTRUCTORES",
employee_management_extended.hr_categorias_000171,"Mosaista,Coloca mosaicos y baldosas en pisos y paredes.","UNION OBRERA DE LA CONSTRUCION DE LA REP.ARGENTINA c/ CAMARA ARGENTINA DE LA CONSTRUCCION, FEDERACION ARGENTINA DE ENTIDADES DE LA CONSTRUCCION Y CENTRO DE ARQUITECTOS Y CONSTRUCTORES",
employee_management_extended.hr_categorias_000172,"Colocador de Techos,Encargado de instalar techos en edificaciones.","UNION OBRERA DE LA CONSTRUCION DE LA REP.ARGENTINA c/ CAMARA ARGENTINA DE LA CONSTRUCCION, FEDERACION ARGENTINA DE ENTIDADES DE LA CONSTRUCCION Y CENTRO DE ARQUITECTOS Y CONSTRUCTORES",
employee_management_extended.hr_categorias_000173,"Colocador de Cielorrasos,Instala cielorrasos en interiores de edificaciones.","UNION OBRERA DE LA CONSTRUCION DE LA REP.ARGENTINA c/ CAMARA ARGENTINA DE LA CONSTRUCCION, FEDERACION ARGENTINA DE ENTIDADES DE LA CONSTRUCCION Y CENTRO DE ARQUITECTOS Y CONSTRUCTORES",
employee_management_extended.hr_categorias_000174,"Marmolista,Trabaja con mármol para revestimientos y detalles decorativos.","UNION OBRERA DE LA CONSTRUCION DE LA REP.ARGENTINA c/ CAMARA ARGENTINA DE LA CONSTRUCCION, FEDERACION ARGENTINA DE ENTIDADES DE LA CONSTRUCCION Y CENTRO DE ARQUITECTOS Y CONSTRUCTORES",
employee_management_extended.hr_categorias_000175,"Conductor de Vehículos Automotores,Conduce vehículos automotores para transporte de materiales y personal.","UNION OBRERA DE LA CONSTRUCION DE LA REP.ARGENTINA c/ CAMARA ARGENTINA DE LA CONSTRUCCION, FEDERACION ARGENTINA DE ENTIDADES DE LA CONSTRUCCION Y CENTRO DE ARQUITECTOS Y CONSTRUCTORES",
employee_management_extended.hr_categorias_000176,"Operario de Máquinas,""Opera maquinaria de construcción, como excavadoras y grúas.""","UNION OBRERA DE LA CONSTRUCION DE LA REP.ARGENTINA c/ CAMARA ARGENTINA DE LA CONSTRUCCION, FEDERACION ARGENTINA DE ENTIDADES DE LA CONSTRUCCION Y CENTRO DE ARQUITECTOS Y CONSTRUCTORES",
employee_management_extended.hr_categorias_000177,"Sereno,Encargado de la vigilancia y seguridad de las obras en construcción.","UNION OBRERA DE LA CONSTRUCION DE LA REP.ARGENTINA c/ CAMARA ARGENTINA DE LA CONSTRUCCION, FEDERACION ARGENTINA DE ENTIDADES DE LA CONSTRUCCION Y CENTRO DE ARQUITECTOS Y CONSTRUCTORES",
employee_management_extended.hr_categorias_000178,"Auxiliares y Auxiliares Especializados,Auxiliar A,Empleados que brindan apoyo en tareas generales.",CONFEDERACION GENERAL EMPLEADOS DE COMERCIO DE LA REPUBLICA ARGENTINA c/ COMISION COORDINADORA PATRONAL DE ACTIVIDADES MERCANTILES Y OTRAS.,
employee_management_extended.hr_categorias_000179,"Auxiliares y Auxiliares Especializados,Auxiliar B,Asiste en funciones específicas que requieren cierta especialización.",CONFEDERACION GENERAL EMPLEADOS DE COMERCIO DE LA REPUBLICA ARGENTINA c/ COMISION COORDINADORA PATRONAL DE ACTIVIDADES MERCANTILES Y OTRAS.,
employee_management_extended.hr_categorias_000180,"Auxiliares y Auxiliares Especializados,Auxiliar Especializado A,Trabajadores con habilidades técnicas en áreas particulares.",CONFEDERACION GENERAL EMPLEADOS DE COMERCIO DE LA REPUBLICA ARGENTINA c/ COMISION COORDINADORA PATRONAL DE ACTIVIDADES MERCANTILES Y OTRAS.,
employee_management_extended.hr_categorias_000181,"Auxiliares y Auxiliares Especializados,Auxiliar Especializado B,Personal altamente especializado en funciones técnicas o de soporte.",CONFEDERACION GENERAL EMPLEADOS DE COMERCIO DE LA REPUBLICA ARGENTINA c/ COMISION COORDINADORA PATRONAL DE ACTIVIDADES MERCANTILES Y OTRAS.,
employee_management_extended.hr_categorias_000182,"Personal de Ventas,Categoría C,Vendedores senior encargados de coordinar equipos de ventas y estrategias comerciales.",CONFEDERACION GENERAL EMPLEADOS DE COMERCIO DE LA REPUBLICA ARGENTINA c/ COMISION COORDINADORA PATRONAL DE ACTIVIDADES MERCANTILES Y OTRAS.,
